{
  "roles": [
    {
      "name": "Test",
      "isAdmin": false,
      "managedRoles": [
        "Test"
      ]
    }
  ],
  "participants": [
    {
      "address": "0x4a37642eb2d7EB5d3e52BdDF67c5d38A15AE3F7D",
      "isAdmin": false,
      "roles": [
        "Test"
      ],
      "type": 0
    }
  ],
  "recordsCols": [
    {
      "name": "My collection",
      "roles": [
        "Test"
      ],
      "participants": ["0x4a37642eb2d7EB5d3e52BdDF67c5d38A15AE3F7D"]
    }
  ],
  "stateMachine": [
    {
      "name": "First state",
      "roles": [
        "Test"
      ],
      "participants": ["0x4a37642eb2d7EB5d3e52BdDF67c5d38A15AE3F7D"]
    },
    {
      "name": "Second state",
      "roles": [
        "Test"
      ],
      "participants": ["0x4a37642eb2d7EB5d3e52BdDF67c5d38A15AE3F7D"]
    }
  ],
  "assets": [
    {
      "name": "My asset",
      "owner": "0x4a37642eb2d7EB5d3e52BdDF67c5d38A15AE3F7D",
      "data": "0x636f75636f750000000000000000000000000000000000000000000000000000"
    }
  ]
}